time,ethanol
0, 0.6868686868686869
1, 2.2020202020202024
2, 1.737373737373737
3, 2.8888888888888893
4, 3.2727272727272734
5, 3.5353535353535364
6, 6.868686868686869
7, 8.545454545454547
8, 9.373737373737375
9, 7.8989898989899
10, 7.8989898989899
11, 8.161616161616163
12, 8.202020202020202
13, 8.464646464646465
