time,ethanol
0, 0.7128712871287117
1, 1.2871287128712865
2, 1.4059405940594054
3, 2.792079207920793
4, 3.4059405940594054
5, 4.118811881188119
6, 5.306930693069307
7, 6.574257425742575
8, 8.05940594059406
9, 7.326732673267327
10, 7.861386138613861
11, 8.099009900990099
12, 8.217821782178218
13, 8.336633663366337
