time,sugar
0, 20.53020503064891
1, 18.743606002959204
2, 17.10158528852251
3, 15.604142887338828
4, 14.05850771507081
5, 13.091270344536037
6, 9.376960473472838
7, 5.277108433734938
8, 2.044810822236311
9, 1.7521876981610625
10, 1.7005284295075
11, 1.6970619319382756
12, 1.6936799830902523
13, 1.6901289367998267
