time,sugar
0, 20.525714285714287
1, 18.78857142857143
2, 19.291428571428572
3, 16.228571428571428
4, 14.125714285714286
5, 11.337142857142858
6, 8.548571428571432
7, 4.434285714285714
8, 2.331428571428571
9, 1.6457142857142877
10, 1.7371428571428567
11, 1.6457142857142877
12, 1.6914285714285704
13, 1.6457142857142877
