time,biomass
0, 0.4627175018360532
1, 0.49058669001751287
2, 0.6000932150725946
3, 0.7005430484153434
4, 1.2274041720806728
5, 1.6907572312298735
6, 2.108731498220439
7, 2.753536170272865
8, 2.9084055985537534
9, 3.226597367380373
10, 3.5266439749166705
11, 3.7903843709394938
12, 3.8001083978306296
13, 3.927775973108863
