time,biomass,
0, 0.40508806262230923
1, 0.47617997280175217
2, 0.5384506948820862
3, 0.6095276791933406
4, 1.0504676772032244
5, 1.5354389863677076
6, 2.126085442303228
7, 2.478962818003914
8, 2.7701963580881626
9, 3.096669872964277
10, 3.493563633951375
11, 3.6791369531327742
12, 3.644538790672991
13, 3.7332282994460844
